short_name,sequence_id,sequence,category,generation_mode,conditioning,prototype,prototype_display,objective,round,length,net_charge,mean_hydrophobicity
Ω-DP-1,sequence_335,KWKSFIKKLTSVAKKVLTTALKALS,de_novo,OmegAMP-P,P,,,,round_2,25.0,6.79,0.018
Ω-DP-2,sequence_367,GLLAKLLKKLLKKLLKK,de_novo,OmegAMP-P,P,,,,round_2,17.0,6.79,-0.0541
Ω-DT-1,sequence_395,AWRTLLRTVSGVGKKLNKIITKAF,de_novo,OmegAMP-T,T,,,,round_1,24.0,5.8,0.0054
Ω-DP-3,sequence_432,KWKSFLKTFKTAVRTVLHTALKAISS,de_novo,OmegAMP-P,P,,,,round_2,26.0,5.84,0.0231
Ω-DP-4,sequence_496,RRWKIVWIRWWR,de_novo,OmegAMP-P,P,,,,round_2,12.0,4.8,-0.3783
Ω-DP-5,sequence_547,KWKKLFKKLLKLLKK,de_novo,OmegAMP-P,P,,,,round_2,15.0,7.79,-0.3133
Ω-DP-6,sequence_617,GLNALKKVFQGIHKAIKLINNQVQ,de_novo,OmegAMP-P,P,,,,round_2,24.0,3.84,0.0658
Ω-DP-7,sequence_842,GLWSKIKDAAKAVGKAAVKAVGQVL,de_novo,OmegAMP-P,P,,,,round_2,25.0,3.8,0.1744
Ω-DP-8,sequence_965,GLWRKFKKAIKKIVKSVL,de_novo,OmegAMP-P,P,,,,round_2,18.0,6.79,-0.0872
Ω-DP-9,sequence_989,GLFKRLLKLAKKLKKAAR,de_novo,OmegAMP-P,P,,,,round_2,18.0,7.79,-0.2906
Ω-DP-10,sequence_1002,GLLRKLKKALKRVLKHIR,de_novo,OmegAMP-P,P,,,,round_2,18.0,7.84,-0.3683
Ω-DP-11,sequence_1152,GIGAVLKVLTTGLPALISWIKRKRQH,de_novo,OmegAMP-P,P,,,,round_2,26.0,4.84,0.1177
Ω-DP-12,sequence_1168,KFLKKLLKLGKKLLKG,de_novo,OmegAMP-P,P,,,,round_2,16.0,6.79,-0.1244
Ω-DP-13,sequence_1504,KIWKKLAKKIKNLL,de_novo,OmegAMP-P,P,,,,round_2,14.0,5.79,-0.1721
Ω-DP-14,sequence_1603,VKRLKKWIQKVIKIFGK,de_novo,OmegAMP-P,P,,,,round_2,17.0,6.79,-0.1494
Ω-DP-15,sequence_1831,GLWKALLKNVGKAAGKAALNAVTDMVNQ,de_novo,OmegAMP-P,P,,,,round_2,28.0,2.8,0.1411
Ω-DP-16,sequence_1933,WKLAKKLLKALKKLLKKL,de_novo,OmegAMP-P,P,,,,round_2,18.0,7.79,-0.1406
Ω-DP-17,sequence_2055,GLVTLLGRALKIAYRALRGLLR,de_novo,OmegAMP-P,P,,,,round_2,22.0,4.8,0.0805
Ω-DP-18,sequence_2516,LKKIWSKIKKLLK,de_novo,OmegAMP-P,P,,,,round_2,13.0,5.79,-0.1869
Ω-DP-19,sequence_2626,KWKLFKKIEKVGRNIRDGIIKAGPAVAVVGQAASLAK,de_novo,OmegAMP-P,P,,,,round_2,37.0,6.79,0.0192
Ω-DP-20,sequence_2670,GIGAVLKVLTTVLPALIKWIKRKRQQ,de_novo,OmegAMP-P,P,,,,round_2,26.0,5.8,0.0727
Ω-DP-21,sequence_2676,FAKKLAKLAKKLLKLF,de_novo,OmegAMP-P,P,,,,round_2,16.0,5.79,0.0338
Ω-DP-22,sequence_2747,GLIKLAKKLLKAFKKI,de_novo,OmegAMP-P,P,,,,round_2,16.0,5.79,0.0569
Ω-DP-23,sequence_2877,KLKKLLKKLLKWL,de_novo,OmegAMP-P,P,,,,round_2,13.0,5.79,-0.1408
Ω-DP-24,sequence_2997,LKKLKKLFKKSVKKI,de_novo,OmegAMP-P,P,,,,round_2,15.0,7.79,-0.3567
Ω-DP-25,sequence_3094,RWKRWWRWV,de_novo,OmegAMP-P,P,,,,round_2,9.0,3.8,-0.53
Ω-DP-26,sequence_3183,RWGRFLRKIRRFFRK,de_novo,OmegAMP-P,P,,,,round_2,15.0,7.8,-0.7253
Ω-DP-27,sequence_3347,KLLKWLKKILKK,de_novo,OmegAMP-P,P,,,,round_2,12.0,5.79,-0.2142
Ω-DP-28,sequence_3391,ILPWKWPAWKWRR,de_novo,OmegAMP-P,P,,,,round_2,13.0,3.8,-0.1169
Ω-DP-29,sequence_3439,KFIKKIKKFFKKLKKL,de_novo,OmegAMP-P,P,,,,round_2,16.0,8.79,-0.3156
Ω-DP-30,sequence_3570,FVKRLLKALRRLLR,de_novo,OmegAMP-P,P,,,,round_2,14.0,5.8,-0.3521
Ω-DP-31,sequence_3583,GLIKKILQKLFKKLKKL,de_novo,OmegAMP-P,P,,,,round_2,17.0,6.79,-0.0953
Ω-DP-32,sequence_3584,KWKKLLRKLLRKLLSVL,de_novo,OmegAMP-P,P,,,,round_2,17.0,6.8,-0.2018
Ω-DP-33,sequence_3592,ILRKWPWWPWRRK,de_novo,OmegAMP-P,P,,,,round_2,13.0,4.8,-0.3592
Ω-DP-34,sequence_4069,KLAKLLKRLLRLL,de_novo,OmegAMP-P,P,,,,round_2,13.0,4.8,-0.1169
Ω-DP-35,sequence_4256,KWKKLLKKLLRLLKRAL,de_novo,OmegAMP-P,P,,,,round_2,17.0,7.79,-0.3065
Ω-DP-36,sequence_4302,KLAKLLKKLAKLLK,de_novo,OmegAMP-P,P,,,,round_2,14.0,5.79,-0.1
Ω-DP-37,sequence_4406,GLFKVVKKAARVIRKL,de_novo,OmegAMP-P,P,,,,round_2,16.0,5.8,-0.0881
Ω-DP-38,sequence_4766,GLRRLLRRLLRVIRRWGR,de_novo,OmegAMP-P,P,,,,round_2,18.0,7.8,-0.595
Ω-DP-39,sequence_5231,GLNALKKVFHGLHKAIKLINKHVQ,de_novo,OmegAMP-P,P,,,,round_2,24.0,4.92,0.06
Ω-DP-40,sequence_5265,GWWRRTIAKVRK,de_novo,OmegAMP-P,P,,,,round_2,12.0,4.8,-0.455
Ω-DP-41,sequence_5316,ALWKSFLKNVGKAAGKAALNAVTDMVNQ,de_novo,OmegAMP-P,P,,,,round_2,28.0,2.8,0.1221
Ω-DP-42,sequence_5319,GLKALKKVSKGIHKAIKLINNHVH,de_novo,OmegAMP-P,P,,,,round_2,24.0,5.92,-0.0108
Ω-DP-43,sequence_5819,GLLRRLYRKIGKKLKKIAR,de_novo,OmegAMP-P,P,,,,round_2,19.0,8.8,-0.4621
Ω-DP-44,sequence_6160,ALWKEILKNVGKAAGKAVLNAVTDMVNA,de_novo,OmegAMP-P,P,,,,round_2,28.0,1.8,0.1779
Ω-DP-45,sequence_6240,FRRIRKWLRRILKLL,de_novo,OmegAMP-P,P,,,,round_2,15.0,6.8,-0.4433
Ω-DP-46,sequence_6649,FFGWLIKGLFHAGKMIHGLIHRRRH,de_novo,OmegAMP-P,P,,,,round_2,25.0,4.96,0.1076
Ω-DP-47,sequence_6668,KRLFKKILRFL,de_novo,OmegAMP-P,P,,,,round_2,11.0,4.8,-0.2382
Ω-DP-48,sequence_6803,KLFKKLLKLLKKLAKLLK,de_novo,OmegAMP-P,P,,,,round_2,18.0,7.79,-0.095
Ω-DP-49,sequence_6904,GLKRLLKRLLRWLK,de_novo,OmegAMP-P,P,,,,round_2,14.0,5.8,-0.3171
Ω-DP-50,sequence_6909,VRRFKRFARKFFKWF,de_novo,OmegAMP-P,P,,,,round_2,15.0,6.8,-0.4107
Ω-DP-51,sequence_6922,VRRLKKWIKKVIRHFGK,de_novo,OmegAMP-P,P,,,,round_2,17.0,7.84,-0.4135
Ω-DP-52,sequence_7085,KLWKLAKKALKALGKVL,de_novo,OmegAMP-P,P,,,,round_2,17.0,5.79,0.0312
Ω-DP-53,sequence_7157,RGLRRLIRKIIHIIKKYG,de_novo,OmegAMP-P,P,,,,round_2,18.0,6.84,-0.2656
Ω-DP-54,sequence_7386,GLKKLLKRLKRLAKRL,de_novo,OmegAMP-P,P,,,,round_2,16.0,7.8,-0.4769
Ω-DP-55,sequence_7486,GILKKAIRKIARVLKSAK,de_novo,OmegAMP-P,P,,,,round_2,18.0,6.8,-0.17
Ω-DP-56,sequence_7645,RRARIVVIKVAR,de_novo,OmegAMP-P,P,,,,round_2,12.0,4.8,-0.365
Ω-DP-57,sequence_7829,GLLKKIKKKFKKLFKKIS,de_novo,OmegAMP-P,P,,,,round_2,18.0,8.79,-0.2711
Ω-DP-58,sequence_7832,KWRKLLRKLRKLLKKI,de_novo,OmegAMP-P,P,,,,round_2,16.0,8.79,-0.5687
Ω-DP-59,sequence_7858,KWRRWVRWF,de_novo,OmegAMP-P,P,,,,round_2,9.0,3.8,-0.4878
Ω-DP-60,sequence_7906,KILKRLKKLLKLIK,de_novo,OmegAMP-P,P,,,,round_2,14.0,6.79,-0.2479
Ω-DP-61,sequence_7921,GIGAVLKILTTGLPALISWIKRKRQQ,de_novo,OmegAMP-P,P,,,,round_2,26.0,4.8,0.1119
Ω-DP-62,sequence_8132,GIWKALSKAAKKVIKAIL,de_novo,OmegAMP-P,P,,,,round_2,18.0,4.8,0.1906
Ω-DP-63,sequence_8253,GLLKSIKKKLKKIIKK,de_novo,OmegAMP-P,P,,,,round_2,16.0,7.79,-0.2737
Ω-DP-64,sequence_8322,GIHDILKYGKGS,de_novo,OmegAMP-P,P,,,,round_2,12.0,0.84,0.0867
Ω-DP-65,sequence_8323,KKFLKGIKKFWKF,de_novo,OmegAMP-P,P,,,,round_2,13.0,5.79,-0.1308
Ω-DP-66,sequence_8428,KILRKLLKYLKKLLK,de_novo,OmegAMP-P,P,,,,round_2,15.0,6.79,-0.2353
Ω-DP-67,sequence_8908,IGRKFKRIVRRIKKAAR,de_novo,OmegAMP-P,P,,,,round_2,17.0,8.8,-0.6188
Ω-DP-68,sequence_9310,GLLKLFKKLLKLLK,de_novo,OmegAMP-P,P,,,,round_2,14.0,4.8,0.1136
Ω-DP-69,sequence_9327,GIWNKLLKKVVKGVGKAV,de_novo,OmegAMP-P,P,,,,round_2,18.0,4.8,0.1339
Ω-DP-70,sequence_9672,KKWKKWLKKLLK,de_novo,OmegAMP-P,P,,,,round_2,12.0,6.79,-0.475
Ω-DT-2,sequence_13251,WLQQIWYRFRRYLNRIRRIFRRL,de_novo,OmegAMP-T,T,,,,round_1,23.0,7.8,-0.473
Ω-DT-3,sequence_19757,GLWKKFKKKFFKFFKRIS,de_novo,OmegAMP-T,T,,,,round_1,18.0,7.79,-0.1961
Ω-DT-4,sequence_20960,RWGRLYRKWIRWVYNWV,de_novo,OmegAMP-T,T,,,,round_1,17.0,4.8,-0.2094
Ω-DT-5,sequence_23399,KLLRRAVRWLLKF,de_novo,OmegAMP-T,T,,,,round_1,13.0,4.8,-0.2038
Ω-DT-6,sequence_26582,FKRLYRRWKKWFKWF,de_novo,OmegAMP-T,T,,,,round_1,15.0,6.8,-0.418
Ω-DT-7,sequence_29645,GKIRRRFLSRIGRYWRLLSIFKT,de_novo,OmegAMP-T,T,,,,round_1,23.0,7.8,-0.2983
Ω-DT-8,sequence_34207,PLITKLRLLKLRILRKGA,de_novo,OmegAMP-T,T,,,,round_1,18.0,5.8,-0.1
Ω-DT-9,sequence_34561,FLKRWARLARRILKLGHK,de_novo,OmegAMP-T,T,,,,round_1,18.0,6.84,-0.3156
Ω-DT-10,sequence_46597,RFLRRLGKGLRKYLKL,de_novo,OmegAMP-T,T,,,,round_1,16.0,6.8,-0.4319
Ω-DP-71,sequence_72202_inspired_LKKLLKLKKKLLKLAG,FARKLARLLKKLLKAF,de_novo,OmegAMP-P,P,,,,round_1,16.0,5.8,-0.095
Ω-DP-72,sequence_84517_inspired_FIKAIARLLSKIF,FIGKILGLHRRIL,de_novo,OmegAMP-P,P,,,,round_1,13.0,2.84,0.1931
Ω-DP-73,sequence_150168_inspired_VRLIVRVRIWRR,IRLMWKLRWRIK,de_novo,OmegAMP-P,P,,,,round_1,12.0,4.8,-0.2875
Ω-DP-74,sequence_151228_inspired_FLSGIVGMLKKLF,FLSGLIKLAKNLF,de_novo,OmegAMP-P,P,,,,round_1,13.0,1.8,0.3954
Ω-DP-75,sequence_180967_inspired_KILRGVSKKIMRTFLRRILTGKK,LRKYMKTLKRYLAKVKRLVPLKA,de_novo,OmegAMP-P,P,,,,round_1,23.0,8.79,-0.2896
Ω-DP-76,sequence_224657_inspired_LFRVVRRVVRFIRRAA,FFRRLLMRWLRFTRRA,de_novo,OmegAMP-P,P,,,,round_1,16.0,5.8,-0.4006
Ω-DP-77,sequence_234163_inspired_RRLLRLLRLLL,RRLFKRILKWL,de_novo,OmegAMP-P,P,,,,round_1,11.0,4.8,-0.3664
Ω-DP-78,sequence_252838_inspired_LLLFLLKKRKKRKY,LKRFWRVLKKLWKK,de_novo,OmegAMP-P,P,,,,round_1,14.0,6.8,-0.3921
Ω-DP-79,sequence_274359_inspired_PMARNKKLLKKLRLKIAFK,FGKKFKRIVQRIKKFLRKL,de_novo,OmegAMP-P,P,,,,round_1,19.0,8.79,-0.3911
Ω-DP-80,sequence_345574_inspired_GLFKKLRRKIKKGFKKIF,GLFRKLRKKIKKVFKKIS,de_novo,OmegAMP-P,P,,,,round_1,18.0,8.79,-0.3844
Ω-DP-81,sequence_357159_inspired_KALAALAKKILQQCRRPLYCRRR,VRKVWRRLFRLFKRTIRQIQQPV,de_novo,OmegAMP-P,P,,,,round_1,23.0,7.8,-0.4065
Ω-DP-82,sequence_372125_inspired_GFFKKAWRKVKHAGRRVL,RRVLKVFSRYWLRGFRKL,de_novo,OmegAMP-P,P,,,,round_1,18.0,6.8,-0.3644
Ω-DP-83,sequence_372715_inspired_KILGVSKKIMRRISKDILTGKK,FAMLRRLLKAFKRKFKKAINEW,de_novo,OmegAMP-P,P,,,,round_1,22.0,6.8,-0.235
Ω-DP-84,sequence_449747_inspired_LARVARRVIRFIRRAW,WRKFWRWFRRWIQWRW,de_novo,OmegAMP-P,P,,,,round_1,16.0,5.8,-0.3987
Ω-DP-85,sequence_455628_inspired_IARRALKKAKRAAHKIPAAKKFGRR,WSWTKIRKELRKYFRKVGRVAKRAW,de_novo,OmegAMP-P,P,,,,round_1,25.0,8.8,-0.4368
Polymyxin B,Polymyxin B,,control,,,,,,,,,
Levofloxacin,Levofloxacin,,control,,,,,,,,,
Mammutin-1,Mammutin-1,WMTIHALKLSLSFKL,prototype,,,,,,round_2,15.0,1.84,0.338
GQ20,GQ20,GQLNKFIKKAQRKFHEKFAK,prototype,,,,,,round_2,20.0,5.84,-0.371
DeNo1047,DeNo1047,ALPSIIKGLLKKL,prototype,,,,,,round_2,13.0,2.8,0.2723
OP-145-TII4,DBAASPS_20955,IGKLFKRIVERIKRFLRVLLRILR,prototype,,,,,,round_2,24.0,7.8,-0.1908
As-CATH4-6L,DBAASPS_20015,LGLFKLLLRLILKGFKL,prototype,,,,,,round_2,17.0,3.8,0.3629
BoCo1,BoCo1,NKIKFINKYVKKVQLKKILVKS,prototype,,,,,,round_2,22.0,7.79,-0.1655
bZIP,bZIP,MKQLEDKVEELLSKNYHLENEVARLKKLVG,prototype,,,,,,round_2,30.0,-0.16,-0.2007
cecropin,cecropin,SWLSKTAKKLENSAKKRISEGIAIAIQGGPR,prototype,,,,,,round_2,31.0,4.8,-0.1274
LG21,LG21,LLPIVGNLLKSLLGWKRKRFG,prototype,,,,,,round_2,21.0,4.8,0.0886
pa4,pa4,GFFALIPKIISSPLFKTLLSAVGSALSSSGGQE,prototype,,,,,,round_2,33.0,0.8,0.37
sarcotoxin,sarcotoxin,GWLKKIGKKIERVGQHTRDATIQGLGIAQQAANVAATAR,prototype,,,,,,round_2,39.0,4.84,-0.0669
Ω-AT-BoCo1-1,sequence_222,SKIKFINKYLRKSFLKRLAVRS,analog,OmegAMP-AT,AT,BoCo1,BoCo1,antimicrobial,round_2,22.0,7.8,-0.2786
Ω-AT-BoCo1-2,sequence_818,NKIRFINKWVKRVQAKKILLKI,analog,OmegAMP-AT,AT,BoCo1,BoCo1,antimicrobial,round_2,22.0,7.79,-0.1841
Ω-AU-BoCo1-3,sequence_6134,NKLKWITKYVKRVNLKKILVRS,analog,OmegAMP-AU,AU,BoCo1,BoCo1,antimicrobial,round_2,22.0,7.79,-0.2545
Ω-AT-BoCo1-4,sequence_12273,NKIKFINKWSRKVNLKRLLVKS,analog,OmegAMP-AT,AT,BoCo1,BoCo1,antimicrobial,round_2,22.0,7.79,-0.3027
Ω-AT-BoCo1-5,sequence_15995,NKIKSFLKIVRKLKLKRLILHS,analog,OmegAMP-AT,AT,BoCo1,BoCo1,antimicrobial,round_2,22.0,7.84,-0.1768
Ω-AU-BoCo1-6,sequence_22839,NKLKFFNKWVKKLHLKKILVRS,analog,OmegAMP-AU,AU,BoCo1,BoCo1,antimicrobial,round_2,22.0,7.84,-0.1909
Ω-AT-BoCo1-7,sequence_23458,NKIKWFKRWLKKLKLRKSLVQS,analog,OmegAMP-AT,AT,BoCo1,BoCo1,antimicrobial,round_2,22.0,8.79,-0.3655
Ω-AT-BoCo1-8,sequence_25831,NKLKYLNRWLKKLQLKRILVKS,analog,OmegAMP-AT,AT,BoCo1,BoCo1,antimicrobial,round_2,22.0,7.79,-0.3073
Ω-AT-BoCo1-9,sequence_34985,NKIRWINKYVKKLQLKRLLVKS,analog,OmegAMP-AT,AT,BoCo1,BoCo1,antimicrobial,round_2,22.0,7.79,-0.2918
Ω-AT-BoCo1-10,sequence_45614,NKIKFINRYVKKLTLRRFLVRS,analog,OmegAMP-AT,AT,BoCo1,BoCo1,antimicrobial,round_2,22.0,7.8,-0.3259
Ω-AP-As-CATH4-6L-1,sequence_941,KLLKKLLRRLLKKLKKL,analog,OmegAMP-AP,AP,DBAASPS_20015,As-CATH4-6L,antimicrobial,round_2,17.0,8.79,-0.4165
Ω-AP-As-CATH4-6L-2,sequence_8177,KILKKLLKKLRLKLKKL,analog,OmegAMP-AP,AP,DBAASPS_20015,As-CATH4-6L,antimicrobial,round_2,17.0,8.79,-0.3371
Ω-AP-As-CATH4-6L-3,sequence_9198,LKLKKLLKKLLKKLKKL,analog,OmegAMP-AP,AP,DBAASPS_20015,As-CATH4-6L,antimicrobial,round_2,17.0,8.79,-0.2953
Ω-AP-As-CATH4-6L-4,sequence_9484,KLLKKFLKRLKLRLKKL,analog,OmegAMP-AP,AP,DBAASPS_20015,As-CATH4-6L,antimicrobial,round_2,17.0,8.79,-0.4088
Ω-AP-As-CATH4-6L-5,sequence_11129,KLLKKLLKKLLKKLKKL,analog,OmegAMP-AP,AP,DBAASPS_20015,As-CATH4-6L,antimicrobial,round_2,17.0,8.79,-0.2953
Ω-AP-As-CATH4-6L-6,sequence_19128,LRLRKRLLRLLRKVSKL,analog,OmegAMP-AP,AP,DBAASPS_20015,As-CATH4-6L,antimicrobial,round_2,17.0,7.8,-0.5194
Ω-AP-As-CATH4-6L-7,sequence_27493,KLLRKLLRRLLKKLKKL,analog,OmegAMP-AP,AP,DBAASPS_20015,As-CATH4-6L,antimicrobial,round_2,17.0,8.79,-0.4771
Ω-AP-As-CATH4-6L-8,sequence_32806,LRLKKLLARLLKKLKKL,analog,OmegAMP-AP,AP,DBAASPS_20015,As-CATH4-6L,antimicrobial,round_2,17.0,7.79,-0.2918
Ω-AP-As-CATH4-6L-9,sequence_37806,LSLKRLLRKLLKKLKKL,analog,OmegAMP-AP,AP,DBAASPS_20015,As-CATH4-6L,antimicrobial,round_2,17.0,7.79,-0.3388
Ω-AT-OP145-1,sequence_2973,SGRLFKRIVERLKRWLRVLLRSLR,analog,OmegAMP-AT,AT,DBAASPS_20955,OP-145-TII4,antimicrobial,round_2,24.0,7.8,-0.3929
Ω-AT-OP145-2,sequence_5371,LTKAFKRIVERLKRWLRHLLKSLR,analog,OmegAMP-AT,AT,DBAASPS_20955,OP-145-TII4,antimicrobial,round_2,24.0,7.84,-0.3575
Ω-AT-OP145-3,sequence_16369,ISKLWKRIVQKIKRWLRAAARSLR,analog,OmegAMP-AT,AT,DBAASPS_20955,OP-145-TII4,antimicrobial,round_2,24.0,8.8,-0.3325
Ω-AT-OP145-4,sequence_19956,LKKLWKRILERIKRFLRALARVAR,analog,OmegAMP-AT,AT,DBAASPS_20955,OP-145-TII4,antimicrobial,round_2,24.0,8.8,-0.3717
Ω-AT-OP145-5,sequence_26266,VSRFFKRIVEKIKRWLRSLLKSLR,analog,OmegAMP-AT,AT,DBAASPS_20955,OP-145-TII4,antimicrobial,round_2,24.0,7.8,-0.3158
Ω-AT-OP145-6,sequence_27943,IVRVWKRIVERLKRFLRSLAKSLR,analog,OmegAMP-AT,AT,DBAASPS_20955,OP-145-TII4,antimicrobial,round_2,24.0,7.8,-0.33
Ω-AT-OP145-7,sequence_37118,AVKLFKRIVERIKRWLRVLAKSLK,analog,OmegAMP-AT,AT,DBAASPS_20955,OP-145-TII4,antimicrobial,round_2,24.0,7.8,-0.2108
Ω-AT-OP145-8,sequence_38564,IVKAFKRIVEKFKRWLRSLLKSAR,analog,OmegAMP-AT,AT,DBAASPS_20955,OP-145-TII4,antimicrobial,round_2,24.0,7.8,-0.2579
Ω-AU-OP145-9,sequence_44567,ILKAFKRIVEKIKRFLRVLLRSAK,analog,OmegAMP-AU,AU,DBAASPS_20955,OP-145-TII4,antimicrobial,round_2,24.0,7.8,-0.1825
Ω-AT-OP145-10,sequence_48964,LVKAWKRIVEKIKRWLRALVRIAR,analog,OmegAMP-AT,AT,DBAASPS_20955,OP-145-TII4,antimicrobial,round_2,24.0,7.8,-0.2229
Ω-AT-DeNo1047-1,sequence_3557,GFWSILKSLLKKL,analog,OmegAMP-AT,AT,DeNo1047,DeNo1047,antimicrobial,round_2,13.0,2.8,0.2492
Ω-AP-DeNo1047-2,sequence_3560,KLISIIKKILKKI,analog,OmegAMP-AP,AP,DeNo1047,DeNo1047,antimicrobial,round_2,13.0,4.8,0.1031
Ω-AP-DeNo1047-3,sequence_4926,ALRKIWKKLVKKL,analog,OmegAMP-AP,AP,DeNo1047,DeNo1047,antimicrobial,round_2,13.0,5.8,-0.2277
Ω-AT-DeNo1047-4,sequence_9103,ALWKSLKSILKKL,analog,OmegAMP-AT,AT,DeNo1047,DeNo1047,antimicrobial,round_2,13.0,3.8,0.0531
Ω-AT-DeNo1047-5,sequence_14175,LIWKIIKGLAKKL,analog,OmegAMP-AT,AT,DeNo1047,DeNo1047,antimicrobial,round_2,13.0,3.8,0.2485
Ω-AT-DeNo1047-6,sequence_18739,LITKLIKGLLKKL,analog,OmegAMP-AT,AT,DeNo1047,DeNo1047,antimicrobial,round_2,13.0,3.8,0.1915
Ω-AP-DeNo1047-7,sequence_19309,KIFKFIKKLLKKL,analog,OmegAMP-AP,AP,DeNo1047,DeNo1047,antimicrobial,round_2,13.0,5.79,-0.0523
Ω-AT-DeNo1047-8,sequence_28698,GLIKVIKSLLKKL,analog,OmegAMP-AT,AT,DeNo1047,DeNo1047,antimicrobial,round_2,13.0,3.8,0.1831
Ω-AT-DeNo1047-9,sequence_39399,ALWKFIKKLIKKL,analog,OmegAMP-AT,AT,DeNo1047,DeNo1047,antimicrobial,round_2,13.0,4.8,0.0815
Ω-AT-DeNo1047-10,sequence_39777,ALSKLWKGLAKIL,analog,OmegAMP-AT,AT,DeNo1047,DeNo1047,antimicrobial,round_2,13.0,2.8,0.2669
Ω-AT-GQ20-1,sequence_187,GKVWRFIRKLFKKFWEKFAK,analog,OmegAMP-AT,AT,GQ20,GQ20,antimicrobial,round_2,20.0,6.8,-0.19
Ω-AU-GQ20-2,sequence_4274,GKLWKFFKKFAKKFLKKFIK,analog,OmegAMP-AU,AU,GQ20,GQ20,antimicrobial,round_2,20.0,8.79,-0.107
Ω-AU-GQ20-3,sequence_7076,GKLWKFAKKILKKFFKKFAK,analog,OmegAMP-AU,AU,GQ20,GQ20,antimicrobial,round_2,20.0,8.79,-0.1355
Ω-AU-GQ20-4,sequence_13407,GKLRRWIRKLFRKFKEKFAK,analog,OmegAMP-AU,AU,GQ20,GQ20,antimicrobial,round_2,20.0,8.8,-0.544
Ω-AT-GQ20-5,sequence_14429,GKLKKFIKKFLRKFIEKLSK,analog,OmegAMP-AT,AT,GQ20,GQ20,antimicrobial,round_2,20.0,7.79,-0.273
Ω-AU-GQ20-6,sequence_20164,GKVYRFIKRFVRKFLKKFAK,analog,OmegAMP-AU,AU,GQ20,GQ20,antimicrobial,round_2,20.0,8.79,-0.2935
Ω-AT-GQ20-7,sequence_33553,GKLNKFLRKLARKFWEKFAK,analog,OmegAMP-AT,AT,GQ20,GQ20,antimicrobial,round_2,20.0,6.8,-0.315
Ω-AT-GQ20-8,sequence_38090,GKLKNFIKKIIRKLIEKFSK,analog,OmegAMP-AT,AT,GQ20,GQ20,antimicrobial,round_2,20.0,6.79,-0.2115
Ω-AT-GQ20-9,sequence_40588,GKLWKFLKKLAKKFFKKFIK,analog,OmegAMP-AT,AT,GQ20,GQ20,antimicrobial,round_2,20.0,8.79,-0.1135
Ω-AU-GQ20-10,sequence_41304,GKLKKFIKKFLRKFINKFAK,analog,OmegAMP-AU,AU,GQ20,GQ20,antimicrobial,round_2,20.0,8.79,-0.2285
Ω-AMT-LG21-1,sequence_234,LLPIVGNILKSLLGWKRKRFG,analog,OmegAMP-AMT,AMT,LG21,LG21,LPS-binding,round_2,21.0,4.8,0.1038
Ω-AMT-LG21-2,sequence_512,LLPIIGNLLKSLLGWKRKRFG,analog,OmegAMP-AMT,AMT,LG21,LG21,LPS-binding,round_2,21.0,4.8,0.1029
Ω-AMT-LG21-3,sequence_654,LLPIVGKLLNSLLGWKRKRFG,analog,OmegAMP-AMT,AMT,LG21,LG21,LPS-binding,round_2,21.0,4.8,0.0886
Ω-AMT-LG21-4,sequence_866,LIPIVGNLLKSLLGWKRKRFG,analog,OmegAMP-AMT,AMT,LG21,LG21,LPS-binding,round_2,21.0,4.8,0.1038
Ω-AMT-LG21-5,sequence_6277,LLPIVANLLKSLLGWKRKRFG,analog,OmegAMP-AMT,AMT,LG21,LG21,LPS-binding,round_2,21.0,4.8,0.0952
Ω-AMT-LG21-6,sequence_17857,LLPIIGRLLKSLLGWKRKRFG,analog,OmegAMP-AMT,AMT,LG21,LG21,LPS-binding,round_2,21.0,5.8,0.0195
Ω-AMT-LG21-7,sequence_33665,LLPIIGKLLNSLLGWKRKRFG,analog,OmegAMP-AMT,AMT,LG21,LG21,LPS-binding,round_2,21.0,4.8,0.1029
Ω-AMT-LG21-8,sequence_41046,LLPIVGNLVKKLLGWKRKRFG,analog,OmegAMP-AMT,AMT,LG21,LG21,LPS-binding,round_2,21.0,5.8,0.0267
Ω-AMT-LG21-9,sequence_47111,LLPILGNVLKSLLGWKRKRFG,analog,OmegAMP-AMT,AMT,LG21,LG21,LPS-binding,round_2,21.0,4.8,0.0886
Ω-AMT-LG21-10,sequence_49897,LLPIVSNLLKGLLGWKRKRFG,analog,OmegAMP-AMT,AMT,LG21,LG21,LPS-binding,round_2,21.0,4.8,0.0886
Ω-AP-Mammutin-1-1,sequence_3971,WKRFKALKLTLSWKL,analog,OmegAMP-AP,AP,Mammutin-1,Mammutin-1,antimicrobial,round_2,15.0,4.8,-0.0727
Ω-AP-Mammutin-1-2,sequence_6935,WKTIRALKLRLSWKL,analog,OmegAMP-AP,AP,Mammutin-1,Mammutin-1,antimicrobial,round_2,15.0,4.8,-0.1287
Ω-AP-Mammutin-1-3,sequence_10982,WTRVKLAKLKLSFKL,analog,OmegAMP-AP,AP,Mammutin-1,Mammutin-1,antimicrobial,round_2,15.0,4.8,-0.0547
Ω-AP-Mammutin-1-4,sequence_12667,WKRIKALRLSLRFKL,analog,OmegAMP-AP,AP,Mammutin-1,Mammutin-1,antimicrobial,round_2,15.0,5.8,-0.2687
Ω-AP-Mammutin-1-5,sequence_13852,WKSLKALKLRLSWKL,analog,OmegAMP-AP,AP,Mammutin-1,Mammutin-1,antimicrobial,round_2,15.0,4.8,-0.09
Ω-AP-Mammutin-1-6,sequence_15042,WKKIHSVKLILSFKL,analog,OmegAMP-AP,AP,Mammutin-1,Mammutin-1,antimicrobial,round_2,15.0,3.84,0.1507
Ω-AP-Mammutin-1-7,sequence_15152,WKSIRALKLRLSWKL,analog,OmegAMP-AP,AP,Mammutin-1,Mammutin-1,antimicrobial,round_2,15.0,4.8,-0.1373
Ω-AP-Mammutin-1-8,sequence_37857,WKNIKSLRLKLSFKL,analog,OmegAMP-AP,AP,Mammutin-1,Mammutin-1,antimicrobial,round_2,15.0,4.8,-0.1367
Ω-AP-Mammutin-1-9,sequence_39936,WKRIKSLRLILSFKL,analog,OmegAMP-AP,AP,Mammutin-1,Mammutin-1,antimicrobial,round_2,15.0,4.8,-0.0613
Ω-AP-Mammutin-1-10,sequence_45213,WKRIKALRLILSWKL,analog,OmegAMP-AP,AP,Mammutin-1,Mammutin-1,antimicrobial,round_2,15.0,4.8,-0.0333
Ω-MT-bZIP-1,sequence_3242,MEKLSSQVLRLRVYNKLLNRYVRKLSRRVK,analog,OmegAMP-MT,MT,bZIP,bZIP,DNA-binding,round_2,30.0,8.8,-0.4343
Ω-MT-bZIP-2,sequence_7264,GFRLLRKVASLIASNLKLLKGVSKLLSKVR,analog,OmegAMP-MT,MT,bZIP,bZIP,DNA-binding,round_2,30.0,7.8,-0.0033
Ω-MT-bZIP-3,sequence_8789,RRVLLRAVSRLATANDGLYGFVRRLARKVK,analog,OmegAMP-MT,MT,bZIP,bZIP,DNA-binding,round_2,30.0,7.8,-0.2703
Ω-MT-bZIP-4,sequence_9310b,KKLLKKIVKYLAGPNGFLASLVAALEKKVK,analog,OmegAMP-MT,MT,bZIP,bZIP,DNA-binding,round_2,30.0,6.79,0.0763
Ω-MT-bZIP-5,sequence_12255,KRLLKEMVKTLGRLNRLLRKLVKGLVNSVR,analog,OmegAMP-MT,MT,bZIP,bZIP,DNA-binding,round_2,30.0,8.8,-0.276
Ω-MT-bZIP-6,sequence_13284,VKKLRKKVESLRKNNKNLVKAVGTLLSGVA,analog,OmegAMP-MT,MT,bZIP,bZIP,DNA-binding,round_2,30.0,7.79,-0.205
Ω-MT-bZIP-7,sequence_19500,KKLLKKLVKNLKKANKALLKAVIALVALVA,analog,OmegAMP-MT,MT,bZIP,bZIP,DNA-binding,round_2,30.0,8.79,0.0947
Ω-MT-bZIP-8,sequence_20213,RAGLKKVVKVLKKGNKDLQRLVEKLLQRVA,analog,OmegAMP-MT,MT,bZIP,bZIP,DNA-binding,round_2,30.0,7.79,-0.275
Ω-MT-bZIP-9,sequence_22630,GFLLKKSVAKLGKVNTALRNLVSKLTHEVR,analog,OmegAMP-MT,MT,bZIP,bZIP,DNA-binding,round_2,30.0,5.84,-0.055
Ω-MT-bZIP-10,sequence_24201,IKALGKVVRKLKKFNKSLVSIVADLANLVK,analog,OmegAMP-MT,MT,bZIP,bZIP,DNA-binding,round_2,30.0,6.79,0.038
Ω-AMT-cecropin-1,sequence_4819,SWLSKTLKKLENSAKKRISEGIAIAIKGGPR,analog,OmegAMP-AMT,AMT,cecropin,cecropin,LPS-binding,round_2,31.0,5.8,-0.1342
Ω-AMT-cecropin-2,sequence_5689,SWLSKTAKKLENSAKKRISEGIAIAIKGGPK,analog,OmegAMP-AMT,AMT,cecropin,cecropin,LPS-binding,round_2,31.0,5.8,-0.1152
Ω-AMT-cecropin-3,sequence_18322,SWLSKSAKKLENSAKKRISEGIAIAIKGGPR,analog,OmegAMP-AMT,AMT,cecropin,cecropin,LPS-binding,round_2,31.0,5.8,-0.1526
Ω-AMT-cecropin-4,sequence_22416,SWLSKSVKKLENSAKKRISEGIAIAIKGGPR,analog,OmegAMP-AMT,AMT,cecropin,cecropin,LPS-binding,round_2,31.0,5.8,-0.1377
Ω-AMT-cecropin-5,sequence_28653,SWLSKTLKKLENSAKKKISEGIAIAIKGGPR,analog,OmegAMP-AMT,AMT,cecropin,cecropin,LPS-binding,round_2,31.0,5.8,-0.101
Ω-AMT-cecropin-6,sequence_30966,SWLSKTAKKLENAAKKRISEGIAIAIKGGPR,analog,OmegAMP-AMT,AMT,cecropin,cecropin,LPS-binding,round_2,31.0,5.8,-0.1226
Ω-AMT-cecropin-7,sequence_36746,GWLSKSIKKLENTAKKRIIEGIAIAIRGGSR,analog,OmegAMP-AMT,AMT,cecropin,cecropin,LPS-binding,round_2,31.0,5.8,-0.0952
Ω-AMT-cecropin-8,sequence_36777,SWLSKTAKKLENSAKKRISEGIAILIKGGPR,analog,OmegAMP-AMT,AMT,cecropin,cecropin,LPS-binding,round_2,31.0,5.8,-0.1342
Ω-AMT-cecropin-9,sequence_38260,GWLSKTAKKLENSAKKRIIEGIAIAIKGGPR,analog,OmegAMP-AMT,AMT,cecropin,cecropin,LPS-binding,round_2,31.0,5.8,-0.0768
Ω-AMT-cecropin-10,sequence_40386,SWLSKTAKKLENSAKKRISEGILIAIKGGPR,analog,OmegAMP-AMT,AMT,cecropin,cecropin,LPS-binding,round_2,31.0,5.8,-0.1342
Ω-AMT-pa4-1,sequence_2943,GFFALIPKIISKPALKKLLSAVGSGLSSISGKE,analog,OmegAMP-AMT,AMT,pa4,pa4,LPS-binding,round_2,33.0,3.8,0.2721
Ω-AMT-pa4-2,sequence_5225,GFFALIPKIISKPLFKSLLSAVGSALSSIGKKE,analog,OmegAMP-AMT,AMT,pa4,pa4,LPS-binding,round_2,33.0,3.8,0.2936
Ω-AMT-pa4-3,sequence_16880,GFFALIPKIISNPLFKTLLSAVGSILSSSSSKK,analog,OmegAMP-AMT,AMT,pa4,pa4,LPS-binding,round_2,33.0,3.8,0.2921
Ω-AMT-pa4-4,sequence_22956,GFFALIPKIISTPLIKTLLSAVGSAITSIGVLK,analog,OmegAMP-AMT,AMT,pa4,pa4,LPS-binding,round_2,33.0,2.8,0.4936
Ω-AMT-pa4-5,sequence_25004,GFFALIPKIISNPIFKTLLSAAGSGLSSIGSKK,analog,OmegAMP-AMT,AMT,pa4,pa4,LPS-binding,round_2,33.0,3.8,0.3279
Ω-AMT-pa4-6,sequence_26703,GFFALIPKIISSPLFKNLLSAVSSALSSIGSSK,analog,OmegAMP-AMT,AMT,pa4,pa4,LPS-binding,round_2,33.0,2.8,0.3524
Ω-AMT-pa4-7,sequence_34953,GFFALIPKIISSPIMKTLLSAVGSALSSISKQK,analog,OmegAMP-AMT,AMT,pa4,pa4,LPS-binding,round_2,33.0,3.8,0.3073
Ω-AMT-pa4-8,sequence_39865,GFFALIPKIISTPLFKTLLSAVGSALSIISGSK,analog,OmegAMP-AMT,AMT,pa4,pa4,LPS-binding,round_2,33.0,2.8,0.4458
Ω-AMT-pa4-9,sequence_41349,GFFALIPKIISNPIFKNLLSAVGSALISIGSSK,analog,OmegAMP-AMT,AMT,pa4,pa4,LPS-binding,round_2,33.0,2.8,0.4112
Ω-AMT-pa4-10,sequence_49734,GFFAVIPKIISKPIFKNLLSAVGSALSSIGSKN,analog,OmegAMP-AMT,AMT,pa4,pa4,LPS-binding,round_2,33.0,3.8,0.3245
Ω-AMT-sarcotoxin-1,sequence_6027,GWLKKIGKKIERVGQHTRDATIQGIGVAQQAINVAATAK,analog,OmegAMP-AMT,AMT,sarcotoxin,sarcotoxin,LPS-binding,round_2,39.0,4.84,-0.0205
Ω-AMT-sarcotoxin-2,sequence_12656,GWLKKIGKKIERVGQHTRDATITGLGIAQQAANVAATAR,analog,OmegAMP-AMT,AMT,sarcotoxin,sarcotoxin,LPS-binding,round_2,39.0,4.84,-0.0464
Ω-AMT-sarcotoxin-3,sequence_14541,GWLKKIGKKIERVGQHTRDATIQGIGIAQQAANVAATVK,analog,OmegAMP-AMT,AMT,sarcotoxin,sarcotoxin,LPS-binding,round_2,39.0,4.84,-0.0205
Ω-AMT-sarcotoxin-4,sequence_15134,GWLKKIGKKIERVGQTTRDATIQALGIAQQAANVAATAR,analog,OmegAMP-AMT,AMT,sarcotoxin,sarcotoxin,LPS-binding,round_2,39.0,4.8,-0.0544
Ω-AMT-sarcotoxin-5,sequence_23116,GWLKKIGKKIERVGNHTRDATIQGLGIAQQAATVAATVR,analog,OmegAMP-AMT,AMT,sarcotoxin,sarcotoxin,LPS-binding,round_2,39.0,4.84,-0.0346
Ω-AMT-sarcotoxin-6,sequence_25555,GWLKKIGKKIERVGQHTRDATIQGIGIAQQAINVAATAK,analog,OmegAMP-AMT,AMT,sarcotoxin,sarcotoxin,LPS-binding,round_2,39.0,4.84,-0.0128
Ω-AMT-sarcotoxin-7,sequence_33215,GWLKKIGKKIERVGQHTRDATIQTIGIAQQAANVALTAR,analog,OmegAMP-AMT,AMT,sarcotoxin,sarcotoxin,LPS-binding,round_2,39.0,4.84,-0.061
Ω-AMT-sarcotoxin-8,sequence_35536,GWLKKIGKKIERLGQHTRDATIQTIGIAQQAANVAATAR,analog,OmegAMP-AMT,AMT,sarcotoxin,sarcotoxin,LPS-binding,round_2,39.0,4.84,-0.0728
Ω-AMT-sarcotoxin-9,sequence_43498,GWLKKIGKKIERVGQHTRDATIQTIGIAQQALNVAATAR,analog,OmegAMP-AMT,AMT,sarcotoxin,sarcotoxin,LPS-binding,round_2,39.0,4.84,-0.061
Ω-AMT-sarcotoxin-10,sequence_46999,GWLKKIGKKIERVGQTTRDATIQGLGVAQQAANVAATLR,analog,OmegAMP-AMT,AMT,sarcotoxin,sarcotoxin,LPS-binding,round_2,39.0,4.8,-0.0544
